company_name,website_url,email,email_type,source_page
Rescue Pet Supply,https://www.rescuepetsupply.com/,cs@rescuepetsupply.com,Personal,Home / Footer
Airoh,https://www.airoh.com,Not Found,N/A,N/A
Fungtio,https://fungtio.com/,info@fungtio.com,General,Home / Footer
Birdertown,https://birdertown.com,info@birdertown.com,General,Home / Footer
The Field Tool Kit,https://thefieldtoolkit.com/,Not Found,N/A,N/A
Munk Mafia,https://munkmafia.com/,Not Found,N/A,N/A
Prolonged Hair,https://prolongedhair.com/,Not Found,N/A,N/A
Stoke Provisions Inc,https://www.stokeprovisions.com,Not Found,N/A,N/A
Portar,https://www.rangeme.com/,questions@rangeme.com,Personal,Contact Page
Verteks,https://www.verteks.com,help@verteks.com,Personal,Support-Center Page
Next Level Performance,https://www.nextlevelperformance.com,courtney.barry@nextlevelperformance.com,Personal,Contact Page
Wagstro,https://patrick.wagstrom.net,patrick@wagstrom.net,Personal,Home / Footer
ADAPTOHEAL USA,https://www.adaptohealusa.com/,info@adaptohealusa.com,General,Contacto Page
TecMotus,https://tecmotus.com/,support@tecmotus.com,General,Home / Footer
Fri Period,https://www.friperiod.com/,hello@friperiod.com,General,Contact Page
Fri Period,https://www.friperiod.com/,hello@friperiod.com.au,General,Contact Page
JEYANCIE Beauty,https://jeyanciebeauty.com/,support@jeyanciebeauty.com,General,Home / Footer
JEYANCIE Beauty,https://jeyanciebeauty.com/,customerservice@jeyancie.com,Personal,Contact Page
JEYANCIE Beauty,https://jeyanciebeauty.com/,customerservice@jeyanciebeauty.com,Personal,Contact Page
RVLock,https://www.rvlock.com/,support@rvlock.com,General,Home / Footer
Ditto,https://ditto.com,Not Found,N/A,N/A
Fungtio,https://fungtio.com/,info@fungtio.com,General,Home / Footer
Airoh USA,https://www.airoh.com,Not Found,N/A,N/A
Kafalo,https://www.kafalo.com,help@kafalo.com,Personal,Home / Footer
Orangily,https://orangily.com/,hello@lorenaf.com,General,Home / Footer
Bible Bricks,https://biblebricks.com,info@biblebricks.com,General,Contact-Information Page
SolutionBased,https://sbphinc.com,Not Found,N/A,N/A
Stoke Provisions Inc,https://www.stokeprovisions.com,Not Found,N/A,N/A
Omnisend,https://omnisend.com,Not Found,N/A,N/A
Bolt,https://bolt.com,Not Found,N/A,N/A
Vital Pet Life,https://www.vitalpetlife.com/,hello@vitalpetlife.com,General,Contact-Us Page
Yotpo,https://yotpo.com,Not Found,N/A,N/A
Portar,https://www.rangeme.com/,questions@rangeme.com,Personal,Contact Page
Tropiclean,https://www.tropiclean.shop,Not Found,N/A,N/A
Postscript,https://postscript.io,Not Found,N/A,N/A
come home,https://www.comehome.com/,Not Found,N/A,N/A
Loop Yarn,https://www.loopyarn.net,Not Found,N/A,N/A
Airlines on Autopilot,https://airlinesonautopilot.com/,ava.almquist@morphcopy.com,Personal,Contact-Information Page
Wisteria,https://www.wisteria.store,Not Found,N/A,N/A
Lehigh Safety Shoes,https://www.lehighsafetyshoes.shop,Not Found,N/A,N/A
Sustainable Love,https://www.sustainablelove.com,info@sustainablelove.com,General,Contact Page
Besbelle Jewels,https://besbellejewels.com/,hello@besbellejewels.com,General,Home / Footer
Fri Period,https://www.friperiod.com/,hello@friperiod.com,General,Contact Page
Fri Period,https://www.friperiod.com/,hello@friperiod.com.au,General,Contact Page
RVLock,https://www.rvlock.com/,support@rvlock.com,General,Home / Footer
Fungtio,https://fungtio.com/,info@fungtio.com,General,Home / Footer
Airoh USA,https://www.airoh.com,Not Found,N/A,N/A
Pingora,https://www.pingora.com,Not Found,N/A,N/A
K2 Industries,https://k2groupcorp.com/,info@k2industriescorp.com,General,Estrategia-Negocios-Contacto Page
New York Toy Collective,https://newyorktoycollective.com,support@toycollective.com,General,About-Us Page
Freeze 24/7,https://freeze.com,Not Found,N/A,N/A
Tattoo Zoo,https://www.tattoozoo.net,feedback@tattoozoo.net,Personal,Home / Footer
Tattoo Zoo,https://www.tattoozoo.net,info@tattoozoo.net,General,Home / Footer
Enchanted Readings,https://www.enchantedreadings.com,Not Found,N/A,N/A
VOVO USA,https://omi.co,Not Found,N/A,N/A
Outdo,https://outdo.shop/,Not Found,N/A,N/A
Nora Ross,https://noraross.com,Not Found,N/A,N/A
Earth Mama®,https://www.earth-mama.net,Not Found,N/A,N/A
Omorovicza,https://omorovicza.shop/,Not Found,N/A,N/A
rabbit,https://www.rabbitsreviews.com/,help@psmhelp.com,Personal,Team-Skeet Page
rabbit,https://www.rabbitsreviews.com/,help@camcontacts.com,Personal,Cam-Contacts Page
WOLFpak,https://wolfpak.com/em-cgi/btag/,Not Found,N/A,N/A
Knight Security,https://www.knight-security.com/,info@knight-security.com,General,Home / Footer
Losano,http://www3.losano.de/,Not Found,N/A,N/A
Eagle Creek,https://www.eaglecreek.shop,Not Found,N/A,N/A
NativePath,https://nativepath.com,cs@nativepath.com,Personal,Home / Footer
NativePath,https://nativepath.com,press@nativepath.com,Personal,Press Page
Algenist,https://algenist.net,Not Found,N/A,N/A
breathewave,https://www.breathewave.co,Not Found,N/A,N/A
KicKee Pants,https://www.kickeepants.shop,Not Found,N/A,N/A
SWISSGEAR,https://www.swissgear.co,Not Found,N/A,N/A
Maple Prime,https://mapleprimes.com,Not Found,N/A,N/A
Summer Fridays,https://summer-fridays.store/,Not Found,N/A,N/A
Newton Baby,https://newtonbaby.shop/,Not Found,N/A,N/A
Simon Says Stamp,https://www.simonsaysstamp.store,Not Found,N/A,N/A
Under The Canopy,https://www.underthecanopy.io,Not Found,N/A,N/A
Nisolo,https://www.nisolo.store,Not Found,N/A,N/A
Hygenix,https://hygenixgt.com,admin@hygenixfze.com,General,Home / Footer
Oaki,https://www.oaki.co,Not Found,N/A,N/A
BEVEL,https://www.bevel.com,Not Found,N/A,N/A
TITOV,https://www.titov.co,Not Found,N/A,N/A
Motorbunny,https://www.motorbunny.co,Not Found,N/A,N/A
Poppin,https://www.poppin.io,Not Found,N/A,N/A
Intimate Rose,https://www.intimaterose.store,Not Found,N/A,N/A
Frame Amo,https://frameamo.com,hello@frameamo.com,General,Home / Footer
GameGuard,https://gameguardian.net/forum/,Not Found,N/A,N/A
Hairstory,https://www.hairstory.co,Not Found,N/A,N/A
Shampoohotel,https://www.shampoohotel.shop,Not Found,N/A,N/A
Ledge Lounger,https://www.ledgelounger.co,Not Found,N/A,N/A
Marion Parke,https://marion-parke.com,info@apartmentsbytroy.com,General,Home / Footer
Still Novel,https://www.stillnovel.com/,Not Found,N/A,N/A
Sweetums Wipes,https://www.sweetums-wipes.com,Not Found,N/A,N/A
Z SUPPLY,https://zsupply.co/,Not Found,N/A,N/A
KATHERINE HOME,https://www.katherinehome.com,Not Found,N/A,N/A
Web Flex,https://webflex.co,info@webflex.co,General,Contact Page
Rotimatic,https://www.rotimatic.co,Not Found,N/A,N/A
Barebones,https://www.barebones.com,sales@barebones.com,General,Lostserial.Html Page
Barebones,https://www.barebones.com,marketing@barebones.com,Personal,Marketing.Html Page
Barebones,https://www.barebones.com,support@barebones.com,General,Technical.Html Page
Twelve 28 Market,https://twelvemarketinginc.co.za,info@twelvemarketinginc.co.za,General,Home / Footer
TagIt,https://www.tag24.it/,Not Found,N/A,N/A
Wisteria,https://www.wisteria.store,Not Found,N/A,N/A
come home,https://www.comehome.com/,Not Found,N/A,N/A
Loop Yarn,https://www.loopyarn.net,Not Found,N/A,N/A
ProHealth.com,https://prohealthcom.com,Not Found,N/A,N/A
Brazilian Blowout,https://brazilianblowout.shop/,support@brazilianblowout.com,General,Contact Page
Shift Robotics,https://www.shiftrobotics.store/catalog/exoskeleton/hypershell-go-x,artembril@me.com,Personal,Home / Footer
Shift Robotics,https://www.shiftrobotics.store/catalog/exoskeleton/hypershell-go-x,support@hypershell.tech,General,Home / Footer
528 Innovations,https://ic.gc.ca,Not Found,N/A,N/A
Iles Formula,https://www.ilesformula.shop,Not Found,N/A,N/A
Mixology,http://instantfwding.com/?dn=mixology.co&pid=7PO2UM885,Not Found,N/A,N/A
Fabfitfun,https://fabfitfun.com,Not Found,N/A,N/A
Texas SuperFood,https://www.texas-superfood.com,Not Found,N/A,N/A
Blumix,https://www.blumixx.de/,Not Found,N/A,N/A
Enzymedica®,https://www.enzymedica.shop,Not Found,N/A,N/A
Blumix,https://www.blumixx.de/,Not Found,N/A,N/A