company_name,website_url,email,email_type,source_page
Rescue Pet Supply,https://www.rescuepetsupply.com/,cs@rescuepetsupply.com,Personal,Home / Footer
Airoh,https://www.airoh.com,emran.bd.08@gmail.com,Personal,Home / Footer
Fungtio,https://fungtio.com/,info@fungtio.com,General,Home / Footer
Birdertown,https://birdertown.com,meghan@birdertown.com,Personal,Home / Footer
The Field Tool Kit,https://thefieldtoolkit.com/,Email_not_found,N/A,N/A
Munk Mafia,https://munkmafia.com/,contact@munkmafia.com,General,Home / Footer
Prolonged Hair,https://prolongedhair.com/,jonathan@prolongedhair.com,Personal,Home / Footer
Stoke Provisions Inc,https://www.stokeprovisions.com,Email_not_found,N/A,N/A
Portar,https://www.rangeme.com/,questions@rangeme.com,General,Contact Page
Verteks,https://www.verteks.com,rhipke@verteks.com,Personal,Our-Team Page
Next Level Performance,https://www.nextlevelperformance.com,courtney.barry@nextlevelperformance.com,Personal,Strategic-Leadership-Program Page
Wagstro,https://patrick.wagstrom.net,patrick@wagstrom.net,Personal,Home / Footer
ADAPTOHEAL USA,https://www.adaptohealusa.com/,info@adaptohealusa.com,General,Contacto Page
TecMotus,https://tecmotus.com/,support@tecmotus.com,General,Home / Footer
Fri Period,https://www.friperiod.com/,hello@friperiod.com.au,General,Contact Page
JEYANCIE Beauty,https://jeyanciebeauty.com/,support@jeyanciebeauty.com,General,Home / Footer
RVLock,https://www.rvlock.com/,support@rvlock.com,General,Home / Footer
Ditto,https://ditto.com,Email_not_found,N/A,N/A
Kafalo,https://www.kafalo.com,help@kafalo.com,General,Home / Footer
Orangily,https://orangily.com/,hello@lorenaf.com,General,Home / Footer
Bible Bricks,https://biblebricks.com,info@biblebricks.com,General,Contact-Information Page
SolutionBased,https://sbphinc.com,Email_not_found,N/A,N/A
Omnisend,https://omnisend.com,Email_not_found,N/A,N/A
Bolt,https://bolt.com,Email_not_found,N/A,N/A
Vital Pet Life,https://www.vitalpetlife.com/,hello@vitalpetlife.com,General,Contact-Us Page
Yotpo,https://yotpo.com,Email_not_found,N/A,N/A
Tropiclean,https://www.tropiclean.shop,Email_not_found,N/A,N/A
Postscript,https://postscript.io,Email_not_found,N/A,N/A
come home,https://www.comehome.com/,Email_not_found,N/A,N/A
Loop Yarn,https://www.loopyarn.net,Email_not_found,N/A,N/A
Airlines on Autopilot,https://airlinesonautopilot.com/,Email_not_found,N/A,N/A
Wisteria,https://www.wisteria.store,Email_not_found,N/A,N/A
Lehigh Safety Shoes,https://www.lehighsafetyshoes.shop,Email_not_found,N/A,N/A
Sustainable Love,https://www.sustainablelove.com,info@sustainablelove.com,General,Contact Page
Besbelle Jewels,https://besbellejewels.com/,hello@besbellejewels.com,General,Home / Footer
Pingora,https://www.pingora.com,Email_not_found,N/A,N/A
K2 Industries,https://k2groupcorp.com/,info@k2industriescorp.com,General,Estrategia-Negocios-Contacto Page
New York Toy Collective,https://newyorktoycollective.com,support@toycollective.com,General,About-Us Page
Freeze 24/7,https://freeze.com,Email_not_found,N/A,N/A
Tattoo Zoo,https://www.tattoozoo.net,feedback@tattoozoo.net,Personal,Home / Footer
Enchanted Readings,https://www.enchantedreadings.com,info@stagheaddesigns.com,General,Home / Footer
VOVO USA,https://omi.co,Email_not_found,N/A,N/A
Outdo,https://outdo.shop/,Email_not_found,N/A,N/A
Nora Ross,https://noraross.com,sales@noraross.com,General,Contact-Us Page
Earth Mama®,https://www.earth-mama.net,Email_not_found,N/A,N/A
Omorovicza,https://omorovicza.shop/,Email_not_found,N/A,N/A
rabbit,https://www.rabbitsreviews.com/,help@psmhelp.com,General,Team-Skeet-Taboo Page
WOLFpak,https://wolfpak.com/em-cgi/btag/,Email_not_found,N/A,N/A
Knight Security,https://www.knight-security.com/,info@knight-security.com,General,Home / Footer
Losano,http://www3.losano.de/,Email_not_found,N/A,N/A
Eagle Creek,https://www.eaglecreek.shop,Email_not_found,N/A,N/A
NativePath,https://nativepath.com,cs@nativepath.com,Personal,Home / Footer
Algenist,https://algenist.net,Email_not_found,N/A,N/A
breathewave,https://www.breathewave.co,Email_not_found,N/A,N/A
KicKee Pants,https://www.kickeepants.shop,Email_not_found,N/A,N/A
SWISSGEAR,https://www.swissgear.co,Email_not_found,N/A,N/A
Maple Prime,https://mapleprimes.com,Email_not_found,N/A,N/A
Summer Fridays,https://summer-fridays.store/,Email_not_found,N/A,N/A
Newton Baby,https://newtonbaby.shop/,support@newtonbaby.com,General,Home / Footer
Simon Says Stamp,https://www.simonsaysstamp.store,Email_not_found,N/A,N/A
Under The Canopy,https://www.underthecanopy.io,Email_not_found,N/A,N/A
Nisolo,https://www.nisolo.store,Email_not_found,N/A,N/A
Hygenix,https://hygenixgt.com,admin@hygenixfze.com,General,Home / Footer
Oaki,https://www.oaki.co,Email_not_found,N/A,N/A
BEVEL,https://www.bevel.com,Email_not_found,N/A,N/A
TITOV,https://www.titov.co,Email_not_found,N/A,N/A
Motorbunny,https://www.motorbunny.co,Email_not_found,N/A,N/A
Poppin,https://www.poppin.io,Email_not_found,N/A,N/A
Intimate Rose,https://www.intimaterose.store,Email_not_found,N/A,N/A
Frame Amo,https://frameamo.com,hello@frameamo.com,General,Home / Footer
GameGuard,https://gameguardian.net/forum/,Email_not_found,N/A,N/A
Hairstory,https://www.hairstory.co,Email_not_found,N/A,N/A
Shampoohotel,https://www.shampoohotel.shop,Email_not_found,N/A,N/A
Ledge Lounger,https://www.ledgelounger.co,Email_not_found,N/A,N/A
Marion Parke,https://marion-parke.com,dave@lab6.com,Personal,Home / Footer
Still Novel,https://www.stillnovel.com/,info@stillnovel.com,General,Home / Footer
Sweetums Wipes,https://www.sweetums-wipes.com,Email_not_found,N/A,N/A
Z SUPPLY,https://zsupply.co/,Email_not_found,N/A,N/A
KATHERINE HOME,https://www.katherinehome.com,Email_not_found,N/A,N/A
Web Flex,https://webflex.co,info@webflex.co,General,Contact Page
Rotimatic,https://www.rotimatic.co,Email_not_found,N/A,N/A
Barebones,https://www.barebones.com,marketing@barebones.com,Personal,Marketing.Html Page
Twelve 28 Market,https://twelvemarketinginc.co.za,info@twelvemarketinginc.co.za,General,Home / Footer
TagIt,https://www.tag24.it/,Email_not_found,N/A,N/A
ProHealth.com,https://prohealthcom.com,Email_not_found,N/A,N/A
Brazilian Blowout,https://brazilianblowout.shop/,support@brazilianblowout.com,General,Home / Footer
Shift Robotics,https://www.shiftrobotics.store/catalog/exoskeleton/hypershell-go-x,artembril@me.com,Personal,Home / Footer
528 Innovations,https://ic.gc.ca,Email_not_found,N/A,N/A
Iles Formula,https://www.ilesformula.shop,Email_not_found,N/A,N/A
Mixology,http://instantfwding.com/?dn=mixology.co&pid=7PO2UM885,Email_not_found,N/A,N/A
Fabfitfun,https://fabfitfun.com,Email_not_found,N/A,N/A
Texas SuperFood,https://www.texas-superfood.com,Email_not_found,N/A,N/A
Blumix,https://www.blumixx.de/,Email_not_found,N/A,N/A
Enzymedica®,https://www.enzymedica.shop,Email_not_found,N/A,N/A
